{"TLAAutoIncludeTLF":"True","WarnBareTLA":"True","TLAIncludePartCopies":"False","TLAReportUnrelatedFiles":"False","TLATopDown":"True","TLABottomUp":"False","DraftAndModelSameName":"True","FastSearchScopeFilename":"","ProcessAsAvailable":"True","UseDMForStatusChanges":"False","ProcessAsAvailableRevert":"False","ProcessAsAvailableChange":"True","StatusAtoX":"0","StatusBtoX":"0","StatusIRtoX":"0","StatusIWtoX":"0","StatusOtoX":"0","StatusRtoX":"0","SortNone":"False","SortAlphabetical":"True","SortDependency":"False","SortIncludeNoDependencies":"False","SortRandomSample":"False","SortRandomSampleFraction":"0.1","AssemblyTemplate":"F:\\disegni\\disegni 800\\formati\\FIORINI.asm","PartTemplate":"F:\\disegni\\disegni 800\\formati\\FIORINI.par","SheetmetalTemplate":"F:\\disegni\\disegni 800\\formati\\FIORINI.psm","DraftTemplate":"F:\\disegni\\disegni 800\\formati\\FIORINI.dft","MaterialTable":"F:\\disegni\\Solid Edge\\Preferences\\Materials\\Fiorini.mtl","ServerConnectionString":"Provider=Microsoft.ACE.OLEDB.12.0;Data Source=My Project\\ExampleDb.mdb","ServerQuery":"SELECT DesArt \r\nFROM CodRegistry \r\nWHERE CodArt = '%{System.Titolo}'","UseCurrentSession":"True","WarnSave":"False","NoUpdateMRU":"False","FileListFontSize":"9","RememberTasks":"False","RunInBackground":"False","PropertyFilterIncludeDraftModel":"True","PropertyFilterIncludeDraftItself":"False","CheckForNewerVersion":"False","EnablePropertyFilter":"False","EnableFileWildcard":"False","FileWildcard":"","FileWildcardList":"[]","FilterAsm":"True","FilterPar":"True","FilterPsm":"True","FilterDft":"True","SolidEdgeRequired":"0","ListOfColumnsJSON":"[\"[\\\"Name\\\",\\\"True\\\",\\\"\\\",\\\"196\\\"]\",\"[\\\"Path\\\",\\\"False\\\",\\\"\\\",\\\"350\\\"]\",\"[\\\"Titolo\\\",\\\"True\\\",\\\"%{System.Titolo}\\\",\\\"171\\\"]\",\"[\\\"Oggetto\\\",\\\"True\\\",\\\"%{System.Oggetto}\\\",\\\"293\\\"]\"]","PropertyFilterDictJSON":"{}","Height":"680","Left":"372","Top":"135","Width":"575"}