["{\"Name\":\"Edit property by query\",\"TaskListJSON\":\"{\\\"Open save\\\":\\\"{\\\\\\\"Name\\\\\\\":\\\\\\\"TaskOpenSave\\\\\\\",\\\\\\\"IsSelectedTask\\\\\\\":\\\\\\\"False\\\\\\\",\\\\\\\"IsSelectedAssembly\\\\\\\":\\\\\\\"False\\\\\\\",\\\\\\\"IsSelectedPart\\\\\\\":\\\\\\\"False\\\\\\\",\\\\\\\"IsSelectedSheetmetal\\\\\\\":\\\\\\\"False\\\\\\\",\\\\\\\"IsSelectedDraft\\\\\\\":\\\\\\\"False\\\\\\\",\\\\\\\"ColorHue\\\\\\\":\\\\\\\"Orange\\\\\\\",\\\\\\\"ColorSaturation\\\\\\\":\\\\\\\"0,05\\\\\\\",\\\\\\\"ColorBrightness\\\\\\\":\\\\\\\"1\\\\\\\",\\\\\\\"ColorR\\\\\\\":\\\\\\\"255\\\\\\\",\\\\\\\"ColorG\\\\\\\":\\\\\\\"248\\\\\\\",\\\\\\\"ColorB\\\\\\\":\\\\\\\"242\\\\\\\",\\\\\\\"RequiresPropertiesData\\\\\\\":\\\\\\\"False\\\\\\\",\\\\\\\"TaskName\\\\\\\":\\\\\\\"TaskOpenSave\\\\\\\"}\\\",\\\"Edit properties\\\":\\\"{\\\\\\\"MaterialTable\\\\\\\":\\\\\\\"\\\\\\\",\\\\\\\"JSONString\\\\\\\":\\\\\\\"{\\\\\\\\\\\\\\\"0\\\\\\\\\\\\\\\":{\\\\\\\\\\\\\\\"PropertySet\\\\\\\\\\\\\\\":\\\\\\\\\\\\\\\"System\\\\\\\\\\\\\\\",\\\\\\\\\\\\\\\"PropertyName\\\\\\\\\\\\\\\":\\\\\\\\\\\\\\\"Oggetto\\\\\\\\\\\\\\\",\\\\\\\\\\\\\\\"FindSearch\\\\\\\\\\\\\\\":\\\\\\\\\\\\\\\"WC\\\\\\\\\\\\\\\",\\\\\\\\\\\\\\\"FindString\\\\\\\\\\\\\\\":\\\\\\\\\\\\\\\"*\\\\\\\\\\\\\\\",\\\\\\\\\\\\\\\"ReplaceSearch\\\\\\\\\\\\\\\":\\\\\\\\\\\\\\\"PT\\\\\\\\\\\\\\\",\\\\\\\\\\\\\\\"ReplaceString\\\\\\\\\\\\\\\":\\\\\\\\\\\\\\\"%{System.Query1}\\\\\\\\\\\\\\\"}}\\\\\\\",\\\\\\\"AutoAddMissingProperty\\\\\\\":\\\\\\\"True\\\\\\\",\\\\\\\"AutoUpdateMaterial\\\\\\\":\\\\\\\"False\\\\\\\",\\\\\\\"UseConfigurationPageTemplates\\\\\\\":\\\\\\\"False\\\\\\\",\\\\\\\"RemoveFaceStyleOverrides\\\\\\\":\\\\\\\"False\\\\\\\",\\\\\\\"StructuredStorageEdit\\\\\\\":\\\\\\\"True\\\\\\\",\\\\\\\"AutoHideOptions\\\\\\\":\\\\\\\"False\\\\\\\",\\\\\\\"Name\\\\\\\":\\\\\\\"TaskEditProperties\\\\\\\",\\\\\\\"IsSelectedTask\\\\\\\":\\\\\\\"False\\\\\\\",\\\\\\\"IsSelectedAssembly\\\\\\\":\\\\\\\"False\\\\\\\",\\\\\\\"IsSelectedPart\\\\\\\":\\\\\\\"False\\\\\\\",\\\\\\\"IsSelectedSheetmetal\\\\\\\":\\\\\\\"False\\\\\\\",\\\\\\\"IsSelectedDraft\\\\\\\":\\\\\\\"False\\\\\\\",\\\\\\\"ColorHue\\\\\\\":\\\\\\\"Cyan\\\\\\\",\\\\\\\"ColorSaturation\\\\\\\":\\\\\\\"0,05\\\\\\\",\\\\\\\"ColorBrightness\\\\\\\":\\\\\\\"1\\\\\\\",\\\\\\\"ColorR\\\\\\\":\\\\\\\"242\\\\\\\",\\\\\\\"ColorG\\\\\\\":\\\\\\\"255\\\\\\\",\\\\\\\"ColorB\\\\\\\":\\\\\\\"255\\\\\\\",\\\\\\\"RequiresPropertiesData\\\\\\\":\\\\\\\"True\\\\\\\",\\\\\\\"TaskName\\\\\\\":\\\\\\\"TaskEditProperties\\\\\\\"}\\\"}\",\"FormSettingJSON\":\"{\\\"TLAAutoIncludeTLF\\\":\\\"True\\\",\\\"WarnBareTLA\\\":\\\"True\\\",\\\"TLAIncludePartCopies\\\":\\\"False\\\",\\\"TLAReportUnrelatedFiles\\\":\\\"False\\\",\\\"TLATopDown\\\":\\\"True\\\",\\\"TLABottomUp\\\":\\\"False\\\",\\\"DraftAndModelSameName\\\":\\\"True\\\",\\\"FastSearchScopeFilename\\\":\\\"\\\",\\\"ProcessAsAvailable\\\":\\\"False\\\",\\\"UseDMForStatusChanges\\\":\\\"False\\\",\\\"ProcessAsAvailableRevert\\\":\\\"True\\\",\\\"ProcessAsAvailableChange\\\":\\\"False\\\",\\\"StatusAtoX\\\":\\\"0\\\",\\\"StatusBtoX\\\":\\\"0\\\",\\\"StatusIRtoX\\\":\\\"0\\\",\\\"StatusIWtoX\\\":\\\"0\\\",\\\"StatusOtoX\\\":\\\"0\\\",\\\"StatusRtoX\\\":\\\"0\\\",\\\"SortNone\\\":\\\"False\\\",\\\"SortAlphabetical\\\":\\\"True\\\",\\\"SortDependency\\\":\\\"False\\\",\\\"SortIncludeNoDependencies\\\":\\\"False\\\",\\\"SortRandomSample\\\":\\\"False\\\",\\\"SortRandomSampleFraction\\\":\\\"0.1\\\",\\\"AssemblyTemplate\\\":\\\"F:\\\\\\\\disegni\\\\\\\\disegni 800\\\\\\\\formati\\\\\\\\FIORINI.asm\\\",\\\"PartTemplate\\\":\\\"F:\\\\\\\\disegni\\\\\\\\disegni 800\\\\\\\\formati\\\\\\\\FIORINI.par\\\",\\\"SheetmetalTemplate\\\":\\\"F:\\\\\\\\disegni\\\\\\\\disegni 800\\\\\\\\formati\\\\\\\\FIORINI.psm\\\",\\\"DraftTemplate\\\":\\\"F:\\\\\\\\disegni\\\\\\\\disegni 800\\\\\\\\formati\\\\\\\\FIORINI.dft\\\",\\\"MaterialTable\\\":\\\"F:\\\\\\\\disegni\\\\\\\\Solid Edge\\\\\\\\Preferences\\\\\\\\Materials\\\\\\\\Fiorini.mtl\\\",\\\"ServerConnectionString\\\":\\\"Provider=Microsoft.ACE.OLEDB.12.0;Data Source=My Project\\\\\\\\ExampleDb.mdb\\\",\\\"ServerQuery\\\":\\\"SELECT DesArt \\\\r\\\\nFROM CodRegistry \\\\r\\\\nWHERE CodArt = '%{System.Titolo}'\\\",\\\"UseCurrentSession\\\":\\\"True\\\",\\\"WarnSave\\\":\\\"False\\\",\\\"NoUpdateMRU\\\":\\\"False\\\",\\\"FileListFontSize\\\":\\\"9\\\",\\\"RememberTasks\\\":\\\"False\\\",\\\"RunInBackground\\\":\\\"False\\\",\\\"PropertyFilterIncludeDraftModel\\\":\\\"True\\\",\\\"PropertyFilterIncludeDraftItself\\\":\\\"False\\\",\\\"CheckForNewerVersion\\\":\\\"False\\\",\\\"EnablePropertyFilter\\\":\\\"False\\\",\\\"EnableFileWildcard\\\":\\\"False\\\",\\\"FileWildcard\\\":\\\"\\\",\\\"FileWildcardList\\\":\\\"[]\\\",\\\"FilterAsm\\\":\\\"True\\\",\\\"FilterPar\\\":\\\"True\\\",\\\"FilterPsm\\\":\\\"True\\\",\\\"FilterDft\\\":\\\"True\\\",\\\"SolidEdgeRequired\\\":\\\"0\\\",\\\"ListOfColumnsJSON\\\":\\\"[\\\\\\\"[\\\\\\\\\\\\\\\"Name\\\\\\\\\\\\\\\",\\\\\\\\\\\\\\\"True\\\\\\\\\\\\\\\",\\\\\\\\\\\\\\\"\\\\\\\\\\\\\\\",\\\\\\\\\\\\\\\"276\\\\\\\\\\\\\\\"]\\\\\\\",\\\\\\\"[\\\\\\\\\\\\\\\"Path\\\\\\\\\\\\\\\",\\\\\\\\\\\\\\\"False\\\\\\\\\\\\\\\",\\\\\\\\\\\\\\\"\\\\\\\\\\\\\\\",\\\\\\\\\\\\\\\"100\\\\\\\\\\\\\\\"]\\\\\\\",\\\\\\\"[\\\\\\\\\\\\\\\"Titolo\\\\\\\\\\\\\\\",\\\\\\\\\\\\\\\"True\\\\\\\\\\\\\\\",\\\\\\\\\\\\\\\"%{System.Titolo}\\\\\\\\\\\\\\\",\\\\\\\\\\\\\\\"100\\\\\\\\\\\\\\\"]\\\\\\\",\\\\\\\"[\\\\\\\\\\\\\\\"Oggetto\\\\\\\\\\\\\\\",\\\\\\\\\\\\\\\"True\\\\\\\\\\\\\\\",\\\\\\\\\\\\\\\"%{System.Oggetto}\\\\\\\\\\\\\\\",\\\\\\\\\\\\\\\"100\\\\\\\\\\\\\\\"]\\\\\\\"]\\\",\\\"PropertyFilterDictJSON\\\":\\\"{}\\\",\\\"Height\\\":\\\"791\\\",\\\"Left\\\":\\\"-873\\\",\\\"Top\\\":\\\"107\\\",\\\"Width\\\":\\\"575\\\"}\"}","{\"Name\":\"Validate\",\"TaskListJSON\":\"{\\\"Open save\\\":\\\"{\\\\\\\"Name\\\\\\\":\\\\\\\"TaskOpenSave\\\\\\\",\\\\\\\"IsSelectedTask\\\\\\\":\\\\\\\"False\\\\\\\",\\\\\\\"IsSelectedAssembly\\\\\\\":\\\\\\\"False\\\\\\\",\\\\\\\"IsSelectedPart\\\\\\\":\\\\\\\"False\\\\\\\",\\\\\\\"IsSelectedSheetmetal\\\\\\\":\\\\\\\"False\\\\\\\",\\\\\\\"IsSelectedDraft\\\\\\\":\\\\\\\"False\\\\\\\",\\\\\\\"ColorHue\\\\\\\":\\\\\\\"Orange\\\\\\\",\\\\\\\"ColorSaturation\\\\\\\":\\\\\\\"0,05\\\\\\\",\\\\\\\"ColorBrightness\\\\\\\":\\\\\\\"1\\\\\\\",\\\\\\\"ColorR\\\\\\\":\\\\\\\"255\\\\\\\",\\\\\\\"ColorG\\\\\\\":\\\\\\\"248\\\\\\\",\\\\\\\"ColorB\\\\\\\":\\\\\\\"242\\\\\\\",\\\\\\\"RequiresPropertiesData\\\\\\\":\\\\\\\"False\\\\\\\",\\\\\\\"TaskName\\\\\\\":\\\\\\\"TaskOpenSave\\\\\\\"}\\\",\\\"Edit properties\\\":\\\"{\\\\\\\"MaterialTable\\\\\\\":\\\\\\\"\\\\\\\",\\\\\\\"JSONString\\\\\\\":\\\\\\\"{\\\\\\\\\\\\\\\"0\\\\\\\\\\\\\\\":{\\\\\\\\\\\\\\\"PropertySet\\\\\\\\\\\\\\\":\\\\\\\\\\\\\\\"Custom\\\\\\\\\\\\\\\",\\\\\\\\\\\\\\\"PropertyName\\\\\\\\\\\\\\\":\\\\\\\\\\\\\\\"OGGETTO 1\\\\\\\\\\\\\\\",\\\\\\\\\\\\\\\"FindSearch\\\\\\\\\\\\\\\":\\\\\\\\\\\\\\\"X\\\\\\\\\\\\\\\",\\\\\\\\\\\\\\\"FindString\\\\\\\\\\\\\\\":\\\\\\\\\\\\\\\"*\\\\\\\\\\\\\\\",\\\\\\\\\\\\\\\"ReplaceSearch\\\\\\\\\\\\\\\":\\\\\\\\\\\\\\\"PT\\\\\\\\\\\\\\\",\\\\\\\\\\\\\\\"ReplaceString\\\\\\\\\\\\\\\":\\\\\\\\\\\\\\\"%{System.Query1}\\\\\\\\\\\\\\\"},\\\\\\\\\\\\\\\"1\\\\\\\\\\\\\\\":{\\\\\\\\\\\\\\\"PropertySet\\\\\\\\\\\\\\\":\\\\\\\\\\\\\\\"Custom\\\\\\\\\\\\\\\",\\\\\\\\\\\\\\\"PropertyName\\\\\\\\\\\\\\\":\\\\\\\\\\\\\\\"OGGETTO 2\\\\\\\\\\\\\\\",\\\\\\\\\\\\\\\"FindSearch\\\\\\\\\\\\\\\":\\\\\\\\\\\\\\\"X\\\\\\\\\\\\\\\",\\\\\\\\\\\\\\\"FindString\\\\\\\\\\\\\\\":\\\\\\\\\\\\\\\"\\\\\\\\\\\\\\\",\\\\\\\\\\\\\\\"ReplaceSearch\\\\\\\\\\\\\\\":\\\\\\\\\\\\\\\"\\\\\\\\\\\\\\\",\\\\\\\\\\\\\\\"ReplaceString\\\\\\\\\\\\\\\":\\\\\\\\\\\\\\\"\\\\\\\\\\\\\\\"}}\\\\\\\",\\\\\\\"AutoAddMissingProperty\\\\\\\":\\\\\\\"False\\\\\\\",\\\\\\\"AutoUpdateMaterial\\\\\\\":\\\\\\\"False\\\\\\\",\\\\\\\"UseConfigurationPageTemplates\\\\\\\":\\\\\\\"False\\\\\\\",\\\\\\\"RemoveFaceStyleOverrides\\\\\\\":\\\\\\\"False\\\\\\\",\\\\\\\"StructuredStorageEdit\\\\\\\":\\\\\\\"True\\\\\\\",\\\\\\\"AutoHideOptions\\\\\\\":\\\\\\\"False\\\\\\\",\\\\\\\"Name\\\\\\\":\\\\\\\"TaskEditProperties\\\\\\\",\\\\\\\"IsSelectedTask\\\\\\\":\\\\\\\"False\\\\\\\",\\\\\\\"IsSelectedAssembly\\\\\\\":\\\\\\\"False\\\\\\\",\\\\\\\"IsSelectedPart\\\\\\\":\\\\\\\"False\\\\\\\",\\\\\\\"IsSelectedSheetmetal\\\\\\\":\\\\\\\"False\\\\\\\",\\\\\\\"IsSelectedDraft\\\\\\\":\\\\\\\"False\\\\\\\",\\\\\\\"ColorHue\\\\\\\":\\\\\\\"Cyan\\\\\\\",\\\\\\\"ColorSaturation\\\\\\\":\\\\\\\"0,05\\\\\\\",\\\\\\\"ColorBrightness\\\\\\\":\\\\\\\"1\\\\\\\",\\\\\\\"ColorR\\\\\\\":\\\\\\\"242\\\\\\\",\\\\\\\"ColorG\\\\\\\":\\\\\\\"255\\\\\\\",\\\\\\\"ColorB\\\\\\\":\\\\\\\"255\\\\\\\",\\\\\\\"RequiresPropertiesData\\\\\\\":\\\\\\\"True\\\\\\\",\\\\\\\"TaskName\\\\\\\":\\\\\\\"TaskEditProperties\\\\\\\"}\\\",\\\"Save model as\\\":\\\"{\\\\\\\"NewFileTypeName\\\\\\\":\\\\\\\"\\\\\\\",\\\\\\\"SaveInOriginalDirectory\\\\\\\":\\\\\\\"False\\\\\\\",\\\\\\\"NewDir\\\\\\\":\\\\\\\"\\\\\\\",\\\\\\\"UseSubdirectoryFormula\\\\\\\":\\\\\\\"False\\\\\\\",\\\\\\\"Formula\\\\\\\":\\\\\\\"\\\\\\\",\\\\\\\"CropImage\\\\\\\":\\\\\\\"False\\\\\\\",\\\\\\\"HideConstructions\\\\\\\":\\\\\\\"False\\\\\\\",\\\\\\\"FitView\\\\\\\":\\\\\\\"False\\\\\\\",\\\\\\\"Isometric\\\\\\\":\\\\\\\"False\\\\\\\",\\\\\\\"Dimetric\\\\\\\":\\\\\\\"False\\\\\\\",\\\\\\\"Trimetric\\\\\\\":\\\\\\\"False\\\\\\\",\\\\\\\"ChangeViewStyle\\\\\\\":\\\\\\\"False\\\\\\\",\\\\\\\"ViewStyleName\\\\\\\":\\\\\\\"\\\\\\\",\\\\\\\"AutoHideOptions\\\\\\\":\\\\\\\"False\\\\\\\",\\\\\\\"Name\\\\\\\":\\\\\\\"TaskSaveModelAs\\\\\\\",\\\\\\\"IsSelectedTask\\\\\\\":\\\\\\\"False\\\\\\\",\\\\\\\"IsSelectedAssembly\\\\\\\":\\\\\\\"False\\\\\\\",\\\\\\\"IsSelectedPart\\\\\\\":\\\\\\\"False\\\\\\\",\\\\\\\"IsSelectedSheetmetal\\\\\\\":\\\\\\\"False\\\\\\\",\\\\\\\"IsSelectedDraft\\\\\\\":\\\\\\\"False\\\\\\\",\\\\\\\"ColorHue\\\\\\\":\\\\\\\"Purple\\\\\\\",\\\\\\\"ColorSaturation\\\\\\\":\\\\\\\"0,05\\\\\\\",\\\\\\\"ColorBrightness\\\\\\\":\\\\\\\"1\\\\\\\",\\\\\\\"ColorR\\\\\\\":\\\\\\\"248\\\\\\\",\\\\\\\"ColorG\\\\\\\":\\\\\\\"242\\\\\\\",\\\\\\\"ColorB\\\\\\\":\\\\\\\"255\\\\\\\",\\\\\\\"RequiresPropertiesData\\\\\\\":\\\\\\\"True\\\\\\\",\\\\\\\"TaskName\\\\\\\":\\\\\\\"TaskSaveModelAs\\\\\\\"}\\\",\\\"Save model as [2]\\\":\\\"{\\\\\\\"NewFileTypeName\\\\\\\":\\\\\\\"\\\\\\\",\\\\\\\"SaveInOriginalDirectory\\\\\\\":\\\\\\\"False\\\\\\\",\\\\\\\"NewDir\\\\\\\":\\\\\\\"\\\\\\\",\\\\\\\"UseSubdirectoryFormula\\\\\\\":\\\\\\\"False\\\\\\\",\\\\\\\"Formula\\\\\\\":\\\\\\\"\\\\\\\",\\\\\\\"CropImage\\\\\\\":\\\\\\\"False\\\\\\\",\\\\\\\"HideConstructions\\\\\\\":\\\\\\\"False\\\\\\\",\\\\\\\"FitView\\\\\\\":\\\\\\\"False\\\\\\\",\\\\\\\"Isometric\\\\\\\":\\\\\\\"False\\\\\\\",\\\\\\\"Dimetric\\\\\\\":\\\\\\\"False\\\\\\\",\\\\\\\"Trimetric\\\\\\\":\\\\\\\"False\\\\\\\",\\\\\\\"ChangeViewStyle\\\\\\\":\\\\\\\"False\\\\\\\",\\\\\\\"ViewStyleName\\\\\\\":\\\\\\\"\\\\\\\",\\\\\\\"AutoHideOptions\\\\\\\":\\\\\\\"False\\\\\\\",\\\\\\\"Name\\\\\\\":\\\\\\\"TaskSaveModelAs\\\\\\\",\\\\\\\"IsSelectedTask\\\\\\\":\\\\\\\"False\\\\\\\",\\\\\\\"IsSelectedAssembly\\\\\\\":\\\\\\\"False\\\\\\\",\\\\\\\"IsSelectedPart\\\\\\\":\\\\\\\"False\\\\\\\",\\\\\\\"IsSelectedSheetmetal\\\\\\\":\\\\\\\"False\\\\\\\",\\\\\\\"IsSelectedDraft\\\\\\\":\\\\\\\"False\\\\\\\",\\\\\\\"ColorHue\\\\\\\":\\\\\\\"Purple\\\\\\\",\\\\\\\"ColorSaturation\\\\\\\":\\\\\\\"0,05\\\\\\\",\\\\\\\"ColorBrightness\\\\\\\":\\\\\\\"1\\\\\\\",\\\\\\\"ColorR\\\\\\\":\\\\\\\"248\\\\\\\",\\\\\\\"ColorG\\\\\\\":\\\\\\\"242\\\\\\\",\\\\\\\"ColorB\\\\\\\":\\\\\\\"255\\\\\\\",\\\\\\\"RequiresPropertiesData\\\\\\\":\\\\\\\"True\\\\\\\",\\\\\\\"TaskName\\\\\\\":\\\\\\\"TaskSaveModelAs\\\\\\\"}\\\",\\\"Save drawing as\\\":\\\"{\\\\\\\"NewFileTypeName\\\\\\\":\\\\\\\"\\\\\\\",\\\\\\\"SaveInOriginalDirectory\\\\\\\":\\\\\\\"False\\\\\\\",\\\\\\\"NewDir\\\\\\\":\\\\\\\"\\\\\\\",\\\\\\\"UseSubdirectoryFormula\\\\\\\":\\\\\\\"False\\\\\\\",\\\\\\\"Formula\\\\\\\":\\\\\\\"\\\\\\\",\\\\\\\"AddWatermark\\\\\\\":\\\\\\\"False\\\\\\\",\\\\\\\"WatermarkFilename\\\\\\\":\\\\\\\"\\\\\\\",\\\\\\\"WatermarkPositionX\\\\\\\":\\\\\\\"0\\\\\\\",\\\\\\\"WatermarkPositionY\\\\\\\":\\\\\\\"0\\\\\\\",\\\\\\\"WatermarkScale\\\\\\\":\\\\\\\"1\\\\\\\",\\\\\\\"PDFPerSheetSuppressSheetname\\\\\\\":\\\\\\\"False\\\\\\\",\\\\\\\"AutoHideOptions\\\\\\\":\\\\\\\"False\\\\\\\",\\\\\\\"PDFPerSheetFileTypeName\\\\\\\":\\\\\\\"PDF per Sheet (*.pdf)\\\\\\\",\\\\\\\"Name\\\\\\\":\\\\\\\"TaskSaveDrawingAs\\\\\\\",\\\\\\\"IsSelectedTask\\\\\\\":\\\\\\\"False\\\\\\\",\\\\\\\"IsSelectedAssembly\\\\\\\":\\\\\\\"False\\\\\\\",\\\\\\\"IsSelectedPart\\\\\\\":\\\\\\\"False\\\\\\\",\\\\\\\"IsSelectedSheetmetal\\\\\\\":\\\\\\\"False\\\\\\\",\\\\\\\"IsSelectedDraft\\\\\\\":\\\\\\\"False\\\\\\\",\\\\\\\"ColorHue\\\\\\\":\\\\\\\"Purple\\\\\\\",\\\\\\\"ColorSaturation\\\\\\\":\\\\\\\"0,05\\\\\\\",\\\\\\\"ColorBrightness\\\\\\\":\\\\\\\"1\\\\\\\",\\\\\\\"ColorR\\\\\\\":\\\\\\\"248\\\\\\\",\\\\\\\"ColorG\\\\\\\":\\\\\\\"242\\\\\\\",\\\\\\\"ColorB\\\\\\\":\\\\\\\"255\\\\\\\",\\\\\\\"RequiresPropertiesData\\\\\\\":\\\\\\\"True\\\\\\\",\\\\\\\"TaskName\\\\\\\":\\\\\\\"TaskSaveDrawingAs\\\\\\\"}\\\",\\\"Save drawing as [2]\\\":\\\"{\\\\\\\"NewFileTypeName\\\\\\\":\\\\\\\"\\\\\\\",\\\\\\\"SaveInOriginalDirectory\\\\\\\":\\\\\\\"False\\\\\\\",\\\\\\\"NewDir\\\\\\\":\\\\\\\"\\\\\\\",\\\\\\\"UseSubdirectoryFormula\\\\\\\":\\\\\\\"False\\\\\\\",\\\\\\\"Formula\\\\\\\":\\\\\\\"\\\\\\\",\\\\\\\"AddWatermark\\\\\\\":\\\\\\\"False\\\\\\\",\\\\\\\"WatermarkFilename\\\\\\\":\\\\\\\"\\\\\\\",\\\\\\\"WatermarkPositionX\\\\\\\":\\\\\\\"0\\\\\\\",\\\\\\\"WatermarkPositionY\\\\\\\":\\\\\\\"0\\\\\\\",\\\\\\\"WatermarkScale\\\\\\\":\\\\\\\"1\\\\\\\",\\\\\\\"PDFPerSheetSuppressSheetname\\\\\\\":\\\\\\\"False\\\\\\\",\\\\\\\"AutoHideOptions\\\\\\\":\\\\\\\"False\\\\\\\",\\\\\\\"PDFPerSheetFileTypeName\\\\\\\":\\\\\\\"PDF per Sheet (*.pdf)\\\\\\\",\\\\\\\"Name\\\\\\\":\\\\\\\"TaskSaveDrawingAs\\\\\\\",\\\\\\\"IsSelectedTask\\\\\\\":\\\\\\\"False\\\\\\\",\\\\\\\"IsSelectedAssembly\\\\\\\":\\\\\\\"False\\\\\\\",\\\\\\\"IsSelectedPart\\\\\\\":\\\\\\\"False\\\\\\\",\\\\\\\"IsSelectedSheetmetal\\\\\\\":\\\\\\\"False\\\\\\\",\\\\\\\"IsSelectedDraft\\\\\\\":\\\\\\\"False\\\\\\\",\\\\\\\"ColorHue\\\\\\\":\\\\\\\"Purple\\\\\\\",\\\\\\\"ColorSaturation\\\\\\\":\\\\\\\"0,05\\\\\\\",\\\\\\\"ColorBrightness\\\\\\\":\\\\\\\"1\\\\\\\",\\\\\\\"ColorR\\\\\\\":\\\\\\\"248\\\\\\\",\\\\\\\"ColorG\\\\\\\":\\\\\\\"242\\\\\\\",\\\\\\\"ColorB\\\\\\\":\\\\\\\"255\\\\\\\",\\\\\\\"RequiresPropertiesData\\\\\\\":\\\\\\\"True\\\\\\\",\\\\\\\"TaskName\\\\\\\":\\\\\\\"TaskSaveDrawingAs\\\\\\\"}\\\"}\",\"FormSettingJSON\":\"{\\\"TLAAutoIncludeTLF\\\":\\\"True\\\",\\\"WarnBareTLA\\\":\\\"True\\\",\\\"TLAIncludePartCopies\\\":\\\"False\\\",\\\"TLAReportUnrelatedFiles\\\":\\\"False\\\",\\\"TLATopDown\\\":\\\"True\\\",\\\"TLABottomUp\\\":\\\"False\\\",\\\"DraftAndModelSameName\\\":\\\"True\\\",\\\"FastSearchScopeFilename\\\":\\\"\\\",\\\"ProcessAsAvailable\\\":\\\"False\\\",\\\"UseDMForStatusChanges\\\":\\\"False\\\",\\\"ProcessAsAvailableRevert\\\":\\\"True\\\",\\\"ProcessAsAvailableChange\\\":\\\"False\\\",\\\"StatusAtoX\\\":\\\"0\\\",\\\"StatusBtoX\\\":\\\"0\\\",\\\"StatusIRtoX\\\":\\\"0\\\",\\\"StatusIWtoX\\\":\\\"0\\\",\\\"StatusOtoX\\\":\\\"0\\\",\\\"StatusRtoX\\\":\\\"0\\\",\\\"SortNone\\\":\\\"False\\\",\\\"SortAlphabetical\\\":\\\"True\\\",\\\"SortDependency\\\":\\\"False\\\",\\\"SortIncludeNoDependencies\\\":\\\"False\\\",\\\"SortRandomSample\\\":\\\"False\\\",\\\"SortRandomSampleFraction\\\":\\\"0.1\\\",\\\"AssemblyTemplate\\\":\\\"F:\\\\\\\\disegni\\\\\\\\disegni 800\\\\\\\\formati\\\\\\\\FIORINI.asm\\\",\\\"PartTemplate\\\":\\\"F:\\\\\\\\disegni\\\\\\\\disegni 800\\\\\\\\formati\\\\\\\\FIORINI.par\\\",\\\"SheetmetalTemplate\\\":\\\"F:\\\\\\\\disegni\\\\\\\\disegni 800\\\\\\\\formati\\\\\\\\FIORINI.psm\\\",\\\"DraftTemplate\\\":\\\"F:\\\\\\\\disegni\\\\\\\\disegni 800\\\\\\\\formati\\\\\\\\FIORINI.dft\\\",\\\"MaterialTable\\\":\\\"F:\\\\\\\\disegni\\\\\\\\Solid Edge\\\\\\\\Preferences\\\\\\\\Materials\\\\\\\\Fiorini.mtl\\\",\\\"ServerConnectionString\\\":\\\"Provider=Microsoft.ACE.OLEDB.12.0;Data Source=My Project\\\\\\\\ExampleDb.mdb\\\",\\\"ServerQuery\\\":\\\"SELECT DesArt \\\\r\\\\nFROM CodRegistry \\\\r\\\\nWHERE CodArt = '%{System.Titolo}'\\\",\\\"UseCurrentSession\\\":\\\"True\\\",\\\"WarnSave\\\":\\\"False\\\",\\\"NoUpdateMRU\\\":\\\"False\\\",\\\"FileListFontSize\\\":\\\"9\\\",\\\"RememberTasks\\\":\\\"False\\\",\\\"RunInBackground\\\":\\\"False\\\",\\\"PropertyFilterIncludeDraftModel\\\":\\\"True\\\",\\\"PropertyFilterIncludeDraftItself\\\":\\\"False\\\",\\\"CheckForNewerVersion\\\":\\\"False\\\",\\\"EnablePropertyFilter\\\":\\\"False\\\",\\\"EnableFileWildcard\\\":\\\"False\\\",\\\"FileWildcard\\\":\\\"\\\",\\\"FileWildcardList\\\":\\\"[]\\\",\\\"FilterAsm\\\":\\\"True\\\",\\\"FilterPar\\\":\\\"True\\\",\\\"FilterPsm\\\":\\\"True\\\",\\\"FilterDft\\\":\\\"True\\\",\\\"SolidEdgeRequired\\\":\\\"0\\\",\\\"ListOfColumnsJSON\\\":\\\"[\\\\\\\"[\\\\\\\\\\\\\\\"Name\\\\\\\\\\\\\\\",\\\\\\\\\\\\\\\"True\\\\\\\\\\\\\\\",\\\\\\\\\\\\\\\"\\\\\\\\\\\\\\\",\\\\\\\\\\\\\\\"276\\\\\\\\\\\\\\\"]\\\\\\\",\\\\\\\"[\\\\\\\\\\\\\\\"Path\\\\\\\\\\\\\\\",\\\\\\\\\\\\\\\"False\\\\\\\\\\\\\\\",\\\\\\\\\\\\\\\"\\\\\\\\\\\\\\\",\\\\\\\\\\\\\\\"251\\\\\\\\\\\\\\\"]\\\\\\\",\\\\\\\"[\\\\\\\\\\\\\\\"Titolo\\\\\\\\\\\\\\\",\\\\\\\\\\\\\\\"False\\\\\\\\\\\\\\\",\\\\\\\\\\\\\\\"%{System.Titolo}\\\\\\\\\\\\\\\",\\\\\\\\\\\\\\\"100\\\\\\\\\\\\\\\"]\\\\\\\",\\\\\\\"[\\\\\\\\\\\\\\\"Oggetto\\\\\\\\\\\\\\\",\\\\\\\\\\\\\\\"False\\\\\\\\\\\\\\\",\\\\\\\\\\\\\\\"%{System.Oggetto}\\\\\\\\\\\\\\\",\\\\\\\\\\\\\\\"326\\\\\\\\\\\\\\\"]\\\\\\\",\\\\\\\"[\\\\\\\\\\\\\\\"OGGETTO 1\\\\\\\\\\\\\\\",\\\\\\\\\\\\\\\"True\\\\\\\\\\\\\\\",\\\\\\\\\\\\\\\"%{Custom.OGGETTO 1}\\\\\\\\\\\\\\\",\\\\\\\\\\\\\\\"194\\\\\\\\\\\\\\\"]\\\\\\\",\\\\\\\"[\\\\\\\\\\\\\\\"OGGETTO 2\\\\\\\\\\\\\\\",\\\\\\\\\\\\\\\"True\\\\\\\\\\\\\\\",\\\\\\\\\\\\\\\"%{Custom.OGGETTO 2}\\\\\\\\\\\\\\\",\\\\\\\\\\\\\\\"168\\\\\\\\\\\\\\\"]\\\\\\\"]\\\",\\\"PropertyFilterDictJSON\\\":\\\"{}\\\",\\\"Height\\\":\\\"791\\\",\\\"Left\\\":\\\"-1045\\\",\\\"Top\\\":\\\"131\\\",\\\"Width\\\":\\\"682\\\"}\"}"]