["{\"Name\":\"Titolo\",\"EnglishName\":\"Title\",\"PropertySetName\":\"0\",\"PropertySetActualName\":\"SummaryInformation\",\"TypeName\":\"0\",\"AsmPropItemNumber\":\"1\",\"ParPropItemNumber\":\"1\",\"PsmPropItemNumber\":\"1\",\"DftPropItemNumber\":\"1\",\"PropertySource\":\"0\",\"FavoritesListIdx\":\"0\"}","{\"Name\":\"Oggetto\",\"EnglishName\":\"Subject\",\"PropertySetName\":\"0\",\"PropertySetActualName\":\"SummaryInformation\",\"TypeName\":\"0\",\"AsmPropItemNumber\":\"2\",\"ParPropItemNumber\":\"2\",\"PsmPropItemNumber\":\"2\",\"DftPropItemNumber\":\"2\",\"PropertySource\":\"0\",\"FavoritesListIdx\":\"1\"}","{\"Name\":\"Autore\",\"EnglishName\":\"Author\",\"PropertySetName\":\"0\",\"PropertySetActualName\":\"SummaryInformation\",\"TypeName\":\"0\",\"AsmPropItemNumber\":\"3\",\"ParPropItemNumber\":\"3\",\"PsmPropItemNumber\":\"3\",\"DftPropItemNumber\":\"3\",\"PropertySource\":\"0\",\"FavoritesListIdx\":\"2\"}","{\"Name\":\"Parole chiave\",\"EnglishName\":\"Keywords\",\"PropertySetName\":\"0\",\"PropertySetActualName\":\"SummaryInformation\",\"TypeName\":\"0\",\"AsmPropItemNumber\":\"4\",\"ParPropItemNumber\":\"4\",\"PsmPropItemNumber\":\"4\",\"DftPropItemNumber\":\"4\",\"PropertySource\":\"0\",\"FavoritesListIdx\":\"3\"}","{\"Name\":\"Commenti\",\"EnglishName\":\"Comments\",\"PropertySetName\":\"0\",\"PropertySetActualName\":\"SummaryInformation\",\"TypeName\":\"0\",\"AsmPropItemNumber\":\"5\",\"ParPropItemNumber\":\"5\",\"PsmPropItemNumber\":\"5\",\"DftPropItemNumber\":\"5\",\"PropertySource\":\"0\",\"FavoritesListIdx\":\"4\"}","{\"Name\":\"Status\",\"EnglishName\":\"Status\",\"PropertySetName\":\"0\",\"PropertySetActualName\":\"ExtendedSummaryInformation\",\"TypeName\":\"1\",\"AsmPropItemNumber\":\"3\",\"ParPropItemNumber\":\"3\",\"PsmPropItemNumber\":\"3\",\"DftPropItemNumber\":\"3\",\"PropertySource\":\"0\",\"FavoritesListIdx\":\"5\"}","{\"Name\":\"Categoria\",\"EnglishName\":\"Category\",\"PropertySetName\":\"0\",\"PropertySetActualName\":\"DocumentSummaryInformation\",\"TypeName\":\"0\",\"AsmPropItemNumber\":\"1\",\"ParPropItemNumber\":\"1\",\"PsmPropItemNumber\":\"1\",\"DftPropItemNumber\":\"1\",\"PropertySource\":\"0\",\"FavoritesListIdx\":\"6\"}","{\"Name\":\"Manager\",\"EnglishName\":\"Manager\",\"PropertySetName\":\"0\",\"PropertySetActualName\":\"DocumentSummaryInformation\",\"TypeName\":\"0\",\"AsmPropItemNumber\":\"10\",\"ParPropItemNumber\":\"10\",\"PsmPropItemNumber\":\"10\",\"DftPropItemNumber\":\"10\",\"PropertySource\":\"0\",\"FavoritesListIdx\":\"7\"}","{\"Name\":\"Azienda\",\"EnglishName\":\"Company\",\"PropertySetName\":\"0\",\"PropertySetActualName\":\"DocumentSummaryInformation\",\"TypeName\":\"0\",\"AsmPropItemNumber\":\"11\",\"ParPropItemNumber\":\"11\",\"PsmPropItemNumber\":\"11\",\"DftPropItemNumber\":\"11\",\"PropertySource\":\"0\",\"FavoritesListIdx\":\"8\"}","{\"Name\":\"Document Number\",\"EnglishName\":\"Document Number\",\"PropertySetName\":\"0\",\"PropertySetActualName\":\"ProjectInformation\",\"TypeName\":\"0\",\"AsmPropItemNumber\":\"1\",\"ParPropItemNumber\":\"1\",\"PsmPropItemNumber\":\"1\",\"DftPropItemNumber\":\"1\",\"PropertySource\":\"0\",\"FavoritesListIdx\":\"9\"}","{\"Name\":\"Revision\",\"EnglishName\":\"Revision\",\"PropertySetName\":\"0\",\"PropertySetActualName\":\"ProjectInformation\",\"TypeName\":\"0\",\"AsmPropItemNumber\":\"2\",\"ParPropItemNumber\":\"2\",\"PsmPropItemNumber\":\"2\",\"DftPropItemNumber\":\"2\",\"PropertySource\":\"0\",\"FavoritesListIdx\":\"10\"}","{\"Name\":\"Project Name\",\"EnglishName\":\"Project Name\",\"PropertySetName\":\"0\",\"PropertySetActualName\":\"ProjectInformation\",\"TypeName\":\"0\",\"AsmPropItemNumber\":\"3\",\"ParPropItemNumber\":\"3\",\"PsmPropItemNumber\":\"3\",\"DftPropItemNumber\":\"3\",\"PropertySource\":\"0\",\"FavoritesListIdx\":\"11\"}","{\"Name\":\"TRATTAMENTO/FINITURA\",\"EnglishName\":\"TRATTAMENTO/FINITURA\",\"PropertySetName\":\"1\",\"PropertySetActualName\":\"Custom\",\"TypeName\":\"0\",\"AsmPropItemNumber\":\"-1\",\"ParPropItemNumber\":\"-1\",\"PsmPropItemNumber\":\"-1\",\"DftPropItemNumber\":\"-1\",\"PropertySource\":\"0\",\"FavoritesListIdx\":\"12\"}","{\"Name\":\"TOLLERANZA GENERALE\",\"EnglishName\":\"TOLLERANZA GENERALE\",\"PropertySetName\":\"1\",\"PropertySetActualName\":\"Custom\",\"TypeName\":\"0\",\"AsmPropItemNumber\":\"-1\",\"ParPropItemNumber\":\"-1\",\"PsmPropItemNumber\":\"-1\",\"DftPropItemNumber\":\"-1\",\"PropertySource\":\"0\",\"FavoritesListIdx\":\"13\"}","{\"Name\":\"CODICE\",\"EnglishName\":\"CODICE\",\"PropertySetName\":\"1\",\"PropertySetActualName\":\"Custom\",\"TypeName\":\"0\",\"AsmPropItemNumber\":\"-1\",\"ParPropItemNumber\":\"-1\",\"PsmPropItemNumber\":\"-1\",\"DftPropItemNumber\":\"-1\",\"PropertySource\":\"0\",\"FavoritesListIdx\":\"14\"}","{\"Name\":\"REVISIONE\",\"EnglishName\":\"REVISIONE\",\"PropertySetName\":\"1\",\"PropertySetActualName\":\"Custom\",\"TypeName\":\"0\",\"AsmPropItemNumber\":\"-1\",\"ParPropItemNumber\":\"-1\",\"PsmPropItemNumber\":\"-1\",\"DftPropItemNumber\":\"-1\",\"PropertySource\":\"0\",\"FavoritesListIdx\":\"15\"}","{\"Name\":\"SOSTITUISCE\",\"EnglishName\":\"SOSTITUISCE\",\"PropertySetName\":\"1\",\"PropertySetActualName\":\"Custom\",\"TypeName\":\"0\",\"AsmPropItemNumber\":\"-1\",\"ParPropItemNumber\":\"-1\",\"PsmPropItemNumber\":\"-1\",\"DftPropItemNumber\":\"-1\",\"PropertySource\":\"0\",\"FavoritesListIdx\":\"16\"}","{\"Name\":\"DISEGNATO\",\"EnglishName\":\"DISEGNATO\",\"PropertySetName\":\"1\",\"PropertySetActualName\":\"Custom\",\"TypeName\":\"0\",\"AsmPropItemNumber\":\"-1\",\"ParPropItemNumber\":\"-1\",\"PsmPropItemNumber\":\"-1\",\"DftPropItemNumber\":\"-1\",\"PropertySource\":\"0\",\"FavoritesListIdx\":\"17\"}","{\"Name\":\"APPROVATO\",\"EnglishName\":\"APPROVATO\",\"PropertySetName\":\"1\",\"PropertySetActualName\":\"Custom\",\"TypeName\":\"0\",\"AsmPropItemNumber\":\"-1\",\"ParPropItemNumber\":\"-1\",\"PsmPropItemNumber\":\"-1\",\"DftPropItemNumber\":\"-1\",\"PropertySource\":\"0\",\"FavoritesListIdx\":\"18\"}","{\"Name\":\"REVISIONATO\",\"EnglishName\":\"REVISIONATO\",\"PropertySetName\":\"1\",\"PropertySetActualName\":\"Custom\",\"TypeName\":\"0\",\"AsmPropItemNumber\":\"-1\",\"ParPropItemNumber\":\"-1\",\"PsmPropItemNumber\":\"-1\",\"DftPropItemNumber\":\"-1\",\"PropertySource\":\"0\",\"FavoritesListIdx\":\"19\"}","{\"Name\":\"DATA REVISIONE\",\"EnglishName\":\"DATA REVISIONE\",\"PropertySetName\":\"1\",\"PropertySetActualName\":\"Custom\",\"TypeName\":\"0\",\"AsmPropItemNumber\":\"-1\",\"ParPropItemNumber\":\"-1\",\"PsmPropItemNumber\":\"-1\",\"DftPropItemNumber\":\"-1\",\"PropertySource\":\"0\",\"FavoritesListIdx\":\"20\"}","{\"Name\":\"APPROVATORE REVISIONE\",\"EnglishName\":\"APPROVATORE REVISIONE\",\"PropertySetName\":\"1\",\"PropertySetActualName\":\"Custom\",\"TypeName\":\"0\",\"AsmPropItemNumber\":\"-1\",\"ParPropItemNumber\":\"-1\",\"PsmPropItemNumber\":\"-1\",\"DftPropItemNumber\":\"-1\",\"PropertySource\":\"0\",\"FavoritesListIdx\":\"21\"}","{\"Name\":\"DESCRIZIONE REVISIONE 1\",\"EnglishName\":\"DESCRIZIONE REVISIONE 1\",\"PropertySetName\":\"1\",\"PropertySetActualName\":\"Custom\",\"TypeName\":\"0\",\"AsmPropItemNumber\":\"-1\",\"ParPropItemNumber\":\"-1\",\"PsmPropItemNumber\":\"-1\",\"DftPropItemNumber\":\"-1\",\"PropertySource\":\"0\",\"FavoritesListIdx\":\"22\"}","{\"Name\":\"DESCRIZIONE REVISIONE 2\",\"EnglishName\":\"DESCRIZIONE REVISIONE 2\",\"PropertySetName\":\"1\",\"PropertySetActualName\":\"Custom\",\"TypeName\":\"0\",\"AsmPropItemNumber\":\"-1\",\"ParPropItemNumber\":\"-1\",\"PsmPropItemNumber\":\"-1\",\"DftPropItemNumber\":\"-1\",\"PropertySource\":\"0\",\"FavoritesListIdx\":\"23\"}","{\"Name\":\"OGGETTO 1\",\"EnglishName\":\"OGGETTO 1\",\"PropertySetName\":\"1\",\"PropertySetActualName\":\"Custom\",\"TypeName\":\"0\",\"AsmPropItemNumber\":\"-1\",\"ParPropItemNumber\":\"-1\",\"PsmPropItemNumber\":\"-1\",\"DftPropItemNumber\":\"-1\",\"PropertySource\":\"0\",\"FavoritesListIdx\":\"24\"}","{\"Name\":\"OGGETTO 2\",\"EnglishName\":\"OGGETTO 2\",\"PropertySetName\":\"1\",\"PropertySetActualName\":\"Custom\",\"TypeName\":\"0\",\"AsmPropItemNumber\":\"-1\",\"ParPropItemNumber\":\"-1\",\"PsmPropItemNumber\":\"-1\",\"DftPropItemNumber\":\"-1\",\"PropertySource\":\"0\",\"FavoritesListIdx\":\"25\"}","{\"Name\":\"OGGETTO 3\",\"EnglishName\":\"OGGETTO 3\",\"PropertySetName\":\"1\",\"PropertySetActualName\":\"Custom\",\"TypeName\":\"0\",\"AsmPropItemNumber\":\"-1\",\"ParPropItemNumber\":\"-1\",\"PsmPropItemNumber\":\"-1\",\"DftPropItemNumber\":\"-1\",\"PropertySource\":\"0\",\"FavoritesListIdx\":\"26\"}","{\"Name\":\"CDV\",\"EnglishName\":\"CDV\",\"PropertySetName\":\"1\",\"PropertySetActualName\":\"Custom\",\"TypeName\":\"0\",\"AsmPropItemNumber\":\"-1\",\"ParPropItemNumber\":\"-1\",\"PsmPropItemNumber\":\"-1\",\"DftPropItemNumber\":\"-1\",\"PropertySource\":\"0\",\"FavoritesListIdx\":\"27\"}","{\"Name\":\"Hardware\",\"EnglishName\":\"Hardware\",\"PropertySetName\":\"0\",\"PropertySetActualName\":\"ExtendedSummaryInformation\",\"TypeName\":\"2\",\"AsmPropItemNumber\":\"-1\",\"ParPropItemNumber\":\"6\",\"PsmPropItemNumber\":\"6\",\"DftPropItemNumber\":\"-1\",\"PropertySource\":\"0\",\"FavoritesListIdx\":\"28\"}","{\"Name\":\"Material\",\"EnglishName\":\"Material\",\"PropertySetName\":\"0\",\"PropertySetActualName\":\"MechanicalModeling\",\"TypeName\":\"0\",\"AsmPropItemNumber\":\"-1\",\"ParPropItemNumber\":\"1\",\"PsmPropItemNumber\":\"1\",\"DftPropItemNumber\":\"-1\",\"PropertySource\":\"0\",\"FavoritesListIdx\":\"29\"}","{\"Name\":\"Peso\",\"EnglishName\":\"Peso\",\"PropertySetName\":\"1\",\"PropertySetActualName\":\"Custom\",\"TypeName\":\"0\",\"AsmPropItemNumber\":\"-1\",\"ParPropItemNumber\":\"-1\",\"PsmPropItemNumber\":\"-1\",\"DftPropItemNumber\":\"-1\",\"PropertySource\":\"0\",\"FavoritesListIdx\":\"30\"}","{\"Name\":\"MATERIALE\",\"EnglishName\":\"MATERIALE\",\"PropertySetName\":\"1\",\"PropertySetActualName\":\"Custom\",\"TypeName\":\"0\",\"AsmPropItemNumber\":\"-1\",\"ParPropItemNumber\":\"-1\",\"PsmPropItemNumber\":\"-1\",\"DftPropItemNumber\":\"-1\",\"PropertySource\":\"0\",\"FavoritesListIdx\":\"31\"}","{\"Name\":\"Lamiera\",\"EnglishName\":\"Sheet Metal Gage\",\"PropertySetName\":\"0\",\"PropertySetActualName\":\"MechanicalModeling\",\"TypeName\":\"0\",\"AsmPropItemNumber\":\"-1\",\"ParPropItemNumber\":\"-1\",\"PsmPropItemNumber\":\"2\",\"DftPropItemNumber\":\"-1\",\"PropertySource\":\"0\",\"FavoritesListIdx\":\"32\"}","{\"Name\":\"Material Thickness\",\"EnglishName\":\"Material Thickness\",\"PropertySetName\":\"1\",\"PropertySetActualName\":\"Custom\",\"TypeName\":\"0\",\"AsmPropItemNumber\":\"-1\",\"ParPropItemNumber\":\"-1\",\"PsmPropItemNumber\":\"-1\",\"DftPropItemNumber\":\"-1\",\"PropertySource\":\"0\",\"FavoritesListIdx\":\"33\"}","{\"Name\":\"Bend Radius\",\"EnglishName\":\"Bend Radius\",\"PropertySetName\":\"1\",\"PropertySetActualName\":\"Custom\",\"TypeName\":\"0\",\"AsmPropItemNumber\":\"-1\",\"ParPropItemNumber\":\"-1\",\"PsmPropItemNumber\":\"-1\",\"DftPropItemNumber\":\"-1\",\"PropertySource\":\"0\",\"FavoritesListIdx\":\"34\"}","{\"Name\":\"Relief Width\",\"EnglishName\":\"Relief Width\",\"PropertySetName\":\"1\",\"PropertySetActualName\":\"Custom\",\"TypeName\":\"0\",\"AsmPropItemNumber\":\"-1\",\"ParPropItemNumber\":\"-1\",\"PsmPropItemNumber\":\"-1\",\"DftPropItemNumber\":\"-1\",\"PropertySource\":\"0\",\"FavoritesListIdx\":\"35\"}","{\"Name\":\"Relief Length\",\"EnglishName\":\"Relief Length\",\"PropertySetName\":\"1\",\"PropertySetActualName\":\"Custom\",\"TypeName\":\"0\",\"AsmPropItemNumber\":\"-1\",\"ParPropItemNumber\":\"-1\",\"PsmPropItemNumber\":\"-1\",\"DftPropItemNumber\":\"-1\",\"PropertySource\":\"0\",\"FavoritesListIdx\":\"36\"}","{\"Name\":\"Neutral Factor\",\"EnglishName\":\"Neutral Factor\",\"PropertySetName\":\"1\",\"PropertySetActualName\":\"Custom\",\"TypeName\":\"0\",\"AsmPropItemNumber\":\"-1\",\"ParPropItemNumber\":\"-1\",\"PsmPropItemNumber\":\"-1\",\"DftPropItemNumber\":\"-1\",\"PropertySource\":\"0\",\"FavoritesListIdx\":\"37\"}","{\"Name\":\"Minimum Arc Length\",\"EnglishName\":\"Minimum Arc Length\",\"PropertySetName\":\"1\",\"PropertySetActualName\":\"Custom\",\"TypeName\":\"0\",\"AsmPropItemNumber\":\"-1\",\"ParPropItemNumber\":\"-1\",\"PsmPropItemNumber\":\"-1\",\"DftPropItemNumber\":\"-1\",\"PropertySource\":\"0\",\"FavoritesListIdx\":\"38\"}","{\"Name\":\"Deviational Tolerance\",\"EnglishName\":\"Deviational Tolerance\",\"PropertySetName\":\"1\",\"PropertySetActualName\":\"Custom\",\"TypeName\":\"0\",\"AsmPropItemNumber\":\"-1\",\"ParPropItemNumber\":\"-1\",\"PsmPropItemNumber\":\"-1\",\"DftPropItemNumber\":\"-1\",\"PropertySource\":\"0\",\"FavoritesListIdx\":\"39\"}","{\"Name\":\"C_Pieghe\",\"EnglishName\":\"C_Pieghe\",\"PropertySetName\":\"1\",\"PropertySetActualName\":\"Custom\",\"TypeName\":\"1\",\"AsmPropItemNumber\":\"-1\",\"ParPropItemNumber\":\"-1\",\"PsmPropItemNumber\":\"-1\",\"DftPropItemNumber\":\"-1\",\"PropertySource\":\"0\",\"FavoritesListIdx\":\"40\"}","{\"Name\":\"PRG.CALANDRA\",\"EnglishName\":\"PRG.CALANDRA\",\"PropertySetName\":\"1\",\"PropertySetActualName\":\"Custom\",\"TypeName\":\"0\",\"AsmPropItemNumber\":\"-1\",\"ParPropItemNumber\":\"-1\",\"PsmPropItemNumber\":\"-1\",\"DftPropItemNumber\":\"-1\",\"PropertySource\":\"0\",\"FavoritesListIdx\":\"41\"}","{\"Name\":\"Formato Foglio\",\"EnglishName\":\"Formato Foglio\",\"PropertySetName\":\"1\",\"PropertySetActualName\":\"Custom\",\"TypeName\":\"0\",\"AsmPropItemNumber\":\"-1\",\"ParPropItemNumber\":\"-1\",\"PsmPropItemNumber\":\"-1\",\"DftPropItemNumber\":\"-1\",\"PropertySource\":\"0\",\"FavoritesListIdx\":\"42\"}","{\"Name\":\"Scala\",\"EnglishName\":\"Scala\",\"PropertySetName\":\"1\",\"PropertySetActualName\":\"Custom\",\"TypeName\":\"0\",\"AsmPropItemNumber\":\"-1\",\"ParPropItemNumber\":\"-1\",\"PsmPropItemNumber\":\"-1\",\"DftPropItemNumber\":\"-1\",\"PropertySource\":\"0\",\"FavoritesListIdx\":\"43\"}","{\"Name\":\"Sheet Metal Gage\",\"EnglishName\":\"Sheet Metal Gage\",\"PropertySetName\":\"0\",\"PropertySetActualName\":\"MechanicalModeling\",\"TypeName\":\"0\",\"AsmPropItemNumber\":\"-1\",\"ParPropItemNumber\":\"-1\",\"PsmPropItemNumber\":\"2\",\"DftPropItemNumber\":\"-1\",\"PropertySource\":\"0\",\"FavoritesListIdx\":\"44\"}","{\"Name\":\"File Name\",\"EnglishName\":\"File Name\",\"PropertySetName\":\"0\",\"PropertySetActualName\":\"System\",\"TypeName\":\"0\",\"AsmPropItemNumber\":\"-1\",\"ParPropItemNumber\":\"-1\",\"PsmPropItemNumber\":\"-1\",\"DftPropItemNumber\":\"-1\",\"PropertySource\":\"0\",\"FavoritesListIdx\":\"45\"}","{\"Name\":\"File Name (full path)\",\"EnglishName\":\"File Name (full path)\",\"PropertySetName\":\"0\",\"PropertySetActualName\":\"System\",\"TypeName\":\"0\",\"AsmPropItemNumber\":\"-1\",\"ParPropItemNumber\":\"-1\",\"PsmPropItemNumber\":\"-1\",\"DftPropItemNumber\":\"-1\",\"PropertySource\":\"0\",\"FavoritesListIdx\":\"46\"}","{\"Name\":\"File Name (no extension)\",\"EnglishName\":\"File Name (no extension)\",\"PropertySetName\":\"0\",\"PropertySetActualName\":\"System\",\"TypeName\":\"0\",\"AsmPropItemNumber\":\"-1\",\"ParPropItemNumber\":\"-1\",\"PsmPropItemNumber\":\"-1\",\"DftPropItemNumber\":\"-1\",\"PropertySource\":\"0\",\"FavoritesListIdx\":\"47\"}","{\"Name\":\"Numero intero\",\"EnglishName\":\"Numero intero\",\"PropertySetName\":\"1\",\"PropertySetActualName\":\"Custom\",\"TypeName\":\"4\",\"AsmPropItemNumber\":\"-1\",\"ParPropItemNumber\":\"-1\",\"PsmPropItemNumber\":\"-1\",\"DftPropItemNumber\":\"-1\",\"PropertySource\":\"1\",\"FavoritesListIdx\":\"48\"}","{\"Name\":\"Numero decimale\",\"EnglishName\":\"Numero decimale\",\"PropertySetName\":\"1\",\"PropertySetActualName\":\"Custom\",\"TypeName\":\"4\",\"AsmPropItemNumber\":\"-1\",\"ParPropItemNumber\":\"-1\",\"PsmPropItemNumber\":\"-1\",\"DftPropItemNumber\":\"-1\",\"PropertySource\":\"1\",\"FavoritesListIdx\":\"49\"}"]