{"Open save":"{\"Name\":\"TaskOpenSave\",\"IsSelectedTask\":\"True\",\"IsSelectedAssembly\":\"True\",\"IsSelectedPart\":\"True\",\"IsSelectedSheetmetal\":\"True\",\"IsSelectedDraft\":\"True\",\"ColorHue\":\"Orange\",\"ColorSaturation\":\"0,05\",\"ColorBrightness\":\"1\",\"ColorR\":\"255\",\"ColorG\":\"248\",\"ColorB\":\"242\",\"RequiresPropertiesData\":\"False\",\"TaskName\":\"TaskOpenSave\"}","Edit properties":"{\"MaterialTable\":\"\",\"JSONString\":\"{\\\"0\\\":{\\\"PropertySet\\\":\\\"System\\\",\\\"PropertyName\\\":\\\"Oggetto\\\",\\\"FindSearch\\\":\\\"WC\\\",\\\"FindString\\\":\\\"*\\\",\\\"ReplaceSearch\\\":\\\"PT\\\",\\\"ReplaceString\\\":\\\"%{System.Query1}\\\"}}\",\"AutoAddMissingProperty\":\"True\",\"AutoUpdateMaterial\":\"False\",\"UseConfigurationPageTemplates\":\"False\",\"RemoveFaceStyleOverrides\":\"False\",\"StructuredStorageEdit\":\"True\",\"AutoHideOptions\":\"False\",\"Name\":\"TaskEditProperties\",\"IsSelectedTask\":\"False\",\"IsSelectedAssembly\":\"False\",\"IsSelectedPart\":\"False\",\"IsSelectedSheetmetal\":\"False\",\"IsSelectedDraft\":\"False\",\"ColorHue\":\"Cyan\",\"ColorSaturation\":\"0,05\",\"ColorBrightness\":\"1\",\"ColorR\":\"242\",\"ColorG\":\"255\",\"ColorB\":\"255\",\"RequiresPropertiesData\":\"True\",\"TaskName\":\"TaskEditProperties\"}","Save model as":"{\"NewFileTypeName\":\"Step (*.stp)\",\"SaveInOriginalDirectory\":\"True\",\"NewDir\":\"\",\"UseSubdirectoryFormula\":\"False\",\"Formula\":\"\",\"CropImage\":\"False\",\"HideConstructions\":\"False\",\"FitView\":\"False\",\"Isometric\":\"False\",\"Dimetric\":\"False\",\"Trimetric\":\"False\",\"ChangeViewStyle\":\"False\",\"ViewStyleName\":\"\",\"AutoHideOptions\":\"False\",\"Name\":\"TaskSaveModelAs\",\"IsSelectedTask\":\"False\",\"IsSelectedAssembly\":\"False\",\"IsSelectedPart\":\"False\",\"IsSelectedSheetmetal\":\"False\",\"IsSelectedDraft\":\"False\",\"ColorHue\":\"Purple\",\"ColorSaturation\":\"0,05\",\"ColorBrightness\":\"1\",\"ColorR\":\"248\",\"ColorG\":\"242\",\"ColorB\":\"255\",\"RequiresPropertiesData\":\"True\",\"TaskName\":\"TaskSaveModelAs\"}","Save drawing as PDF":"{\"NewFileTypeName\":\"PDF (*.pdf)\",\"SaveInOriginalDirectory\":\"True\",\"NewDir\":\"\",\"UseSubdirectoryFormula\":\"False\",\"Formula\":\"\",\"AddWatermark\":\"False\",\"WatermarkFilename\":\"\",\"WatermarkPositionX\":\"0\",\"WatermarkPositionY\":\"0\",\"WatermarkScale\":\"1\",\"PDFPerSheetSuppressSheetname\":\"False\",\"AutoHideOptions\":\"False\",\"PDFPerSheetFileTypeName\":\"PDF per Sheet (*.pdf)\",\"Name\":\"TaskSaveDrawingAs\",\"IsSelectedTask\":\"False\",\"IsSelectedAssembly\":\"False\",\"IsSelectedPart\":\"False\",\"IsSelectedSheetmetal\":\"False\",\"IsSelectedDraft\":\"False\",\"ColorHue\":\"Purple\",\"ColorSaturation\":\"0,05\",\"ColorBrightness\":\"1\",\"ColorR\":\"248\",\"ColorG\":\"242\",\"ColorB\":\"255\",\"RequiresPropertiesData\":\"True\",\"TaskName\":\"TaskSaveDrawingAs\"}","Save drawing as DXF":"{\"NewFileTypeName\":\"DXF (*.dxf)\",\"SaveInOriginalDirectory\":\"True\",\"NewDir\":\"\",\"UseSubdirectoryFormula\":\"False\",\"Formula\":\"\",\"AddWatermark\":\"False\",\"WatermarkFilename\":\"\",\"WatermarkPositionX\":\"0\",\"WatermarkPositionY\":\"0\",\"WatermarkScale\":\"1\",\"PDFPerSheetSuppressSheetname\":\"False\",\"AutoHideOptions\":\"False\",\"PDFPerSheetFileTypeName\":\"PDF per Sheet (*.pdf)\",\"Name\":\"TaskSaveDrawingAs\",\"IsSelectedTask\":\"False\",\"IsSelectedAssembly\":\"False\",\"IsSelectedPart\":\"False\",\"IsSelectedSheetmetal\":\"False\",\"IsSelectedDraft\":\"False\",\"ColorHue\":\"Purple\",\"ColorSaturation\":\"0,05\",\"ColorBrightness\":\"1\",\"ColorR\":\"248\",\"ColorG\":\"242\",\"ColorB\":\"255\",\"RequiresPropertiesData\":\"True\",\"TaskName\":\"TaskSaveDrawingAs\"}"}