﻿<?xml version="1.0"?>
<doc>
<assembly>
<name>
Housekeeper
</name>
</assembly>
<members>
<member name="T:Housekeeper.My.Resources.Resources">
<summary>
  A strongly-typed resource class, for looking up localized strings, etc.
</summary>
</member>
<member name="P:Housekeeper.My.Resources.Resources.ResourceManager">
<summary>
  Returns the cached ResourceManager instance used by this class.
</summary>
</member>
<member name="P:Housekeeper.My.Resources.Resources.Culture">
<summary>
  Overrides the current thread's CurrentUICulture property for all
  resource lookups using this strongly typed resource class.
</summary>
</member>
<member name="P:Housekeeper.My.Resources.Resources.asm">
<summary>
  Looks up a localized resource of type System.Drawing.Bitmap.
</summary>
</member>
<member name="P:Housekeeper.My.Resources.Resources.ASM_Folder">
<summary>
  Looks up a localized resource of type System.Drawing.Bitmap.
</summary>
</member>
<member name="P:Housekeeper.My.Resources.Resources.Cancel">
<summary>
  Looks up a localized resource of type System.Drawing.Bitmap.
</summary>
</member>
<member name="P:Housekeeper.My.Resources.Resources.cfg">
<summary>
  Looks up a localized resource of type System.Drawing.Bitmap.
</summary>
</member>
<member name="P:Housekeeper.My.Resources.Resources.Checked">
<summary>
  Looks up a localized resource of type System.Drawing.Bitmap.
</summary>
</member>
<member name="P:Housekeeper.My.Resources.Resources.Close">
<summary>
  Looks up a localized resource of type System.Drawing.Bitmap.
</summary>
</member>
<member name="P:Housekeeper.My.Resources.Resources.collapse">
<summary>
  Looks up a localized resource of type System.Drawing.Bitmap.
</summary>
</member>
<member name="P:Housekeeper.My.Resources.Resources.config">
<summary>
  Looks up a localized resource of type System.Drawing.Bitmap.
</summary>
</member>
<member name="P:Housekeeper.My.Resources.Resources.csv">
<summary>
  Looks up a localized resource of type System.Drawing.Bitmap.
</summary>
</member>
<member name="P:Housekeeper.My.Resources.Resources.delete">
<summary>
  Looks up a localized resource of type System.Drawing.Bitmap.
</summary>
</member>
<member name="P:Housekeeper.My.Resources.Resources.dft">
<summary>
  Looks up a localized resource of type System.Drawing.Bitmap.
</summary>
</member>
<member name="P:Housekeeper.My.Resources.Resources.down">
<summary>
  Looks up a localized resource of type System.Drawing.Bitmap.
</summary>
</member>
<member name="P:Housekeeper.My.Resources.Resources.Errore">
<summary>
  Looks up a localized resource of type System.Drawing.Bitmap.
</summary>
</member>
<member name="P:Housekeeper.My.Resources.Resources.excel">
<summary>
  Looks up a localized resource of type System.Drawing.Bitmap.
</summary>
</member>
<member name="P:Housekeeper.My.Resources.Resources.expand">
<summary>
  Looks up a localized resource of type System.Drawing.Bitmap.
</summary>
</member>
<member name="P:Housekeeper.My.Resources.Resources.expand_disabled">
<summary>
  Looks up a localized resource of type System.Drawing.Bitmap.
</summary>
</member>
<member name="P:Housekeeper.My.Resources.Resources.Export">
<summary>
  Looks up a localized resource of type System.Drawing.Bitmap.
</summary>
</member>
<member name="P:Housekeeper.My.Resources.Resources.folder">
<summary>
  Looks up a localized resource of type System.Drawing.Bitmap.
</summary>
</member>
<member name="P:Housekeeper.My.Resources.Resources.folders">
<summary>
  Looks up a localized resource of type System.Drawing.Bitmap.
</summary>
</member>
<member name="P:Housekeeper.My.Resources.Resources.fx">
<summary>
  Looks up a localized resource of type System.Drawing.Bitmap.
</summary>
</member>
<member name="P:Housekeeper.My.Resources.Resources.Help">
<summary>
  Looks up a localized resource of type System.Drawing.Bitmap.
</summary>
</member>
<member name="P:Housekeeper.My.Resources.Resources.Import">
<summary>
  Looks up a localized resource of type System.Drawing.Bitmap.
</summary>
</member>
<member name="P:Housekeeper.My.Resources.Resources.Info">
<summary>
  Looks up a localized resource of type System.Drawing.Bitmap.
</summary>
</member>
<member name="P:Housekeeper.My.Resources.Resources.list">
<summary>
  Looks up a localized resource of type System.Drawing.Bitmap.
</summary>
</member>
<member name="P:Housekeeper.My.Resources.Resources.par">
<summary>
  Looks up a localized resource of type System.Drawing.Bitmap.
</summary>
</member>
<member name="P:Housekeeper.My.Resources.Resources.Play">
<summary>
  Looks up a localized resource of type System.Drawing.Bitmap.
</summary>
</member>
<member name="P:Housekeeper.My.Resources.Resources.psm">
<summary>
  Looks up a localized resource of type System.Drawing.Bitmap.
</summary>
</member>
<member name="P:Housekeeper.My.Resources.Resources.Query">
<summary>
  Looks up a localized resource of type System.Drawing.Bitmap.
</summary>
</member>
<member name="P:Housekeeper.My.Resources.Resources.Save">
<summary>
  Looks up a localized resource of type System.Drawing.Bitmap.
</summary>
</member>
<member name="P:Housekeeper.My.Resources.Resources.se">
<summary>
  Looks up a localized resource of type System.Drawing.Bitmap.
</summary>
</member>
<member name="P:Housekeeper.My.Resources.Resources.SE_asm">
<summary>
  Looks up a localized resource of type System.Drawing.Bitmap.
</summary>
</member>
<member name="P:Housekeeper.My.Resources.Resources.SE_cfg">
<summary>
  Looks up a localized resource of type System.Drawing.Bitmap.
</summary>
</member>
<member name="P:Housekeeper.My.Resources.Resources.SE_dft">
<summary>
  Looks up a localized resource of type System.Drawing.Bitmap.
</summary>
</member>
<member name="P:Housekeeper.My.Resources.Resources.SE_par">
<summary>
  Looks up a localized resource of type System.Drawing.Bitmap.
</summary>
</member>
<member name="P:Housekeeper.My.Resources.Resources.SE_psm">
<summary>
  Looks up a localized resource of type System.Drawing.Bitmap.
</summary>
</member>
<member name="P:Housekeeper.My.Resources.Resources.table_of_contents">
<summary>
  Looks up a localized resource of type System.Drawing.Bitmap.
</summary>
</member>
<member name="P:Housekeeper.My.Resources.Resources.TableProp">
<summary>
  Looks up a localized resource of type System.Drawing.Bitmap.
</summary>
</member>
<member name="P:Housekeeper.My.Resources.Resources.TaskActivateAndUpdateAll">
<summary>
  Looks up a localized resource of type System.Drawing.Bitmap.
</summary>
</member>
<member name="P:Housekeeper.My.Resources.Resources.TaskCheckDrawingPartsList">
<summary>
  Looks up a localized resource of type System.Drawing.Bitmap.
</summary>
</member>
<member name="P:Housekeeper.My.Resources.Resources.TaskCheckDrawings">
<summary>
  Looks up a localized resource of type System.Drawing.Bitmap.
</summary>
</member>
<member name="P:Housekeeper.My.Resources.Resources.TaskCheckFlatPattern">
<summary>
  Looks up a localized resource of type System.Drawing.Bitmap.
</summary>
</member>
<member name="P:Housekeeper.My.Resources.Resources.TaskCheckInterference">
<summary>
  Looks up a localized resource of type System.Drawing.Bitmap.
</summary>
</member>
<member name="P:Housekeeper.My.Resources.Resources.TaskCheckLinks">
<summary>
  Looks up a localized resource of type System.Drawing.Bitmap.
</summary>
</member>
<member name="P:Housekeeper.My.Resources.Resources.TaskCheckMaterialNotInMaterialTable">
<summary>
  Looks up a localized resource of type System.Drawing.Bitmap.
</summary>
</member>
<member name="P:Housekeeper.My.Resources.Resources.TaskCheckMissingDrawing">
<summary>
  Looks up a localized resource of type System.Drawing.Bitmap.
</summary>
</member>
<member name="P:Housekeeper.My.Resources.Resources.TaskCheckPartCopies">
<summary>
  Looks up a localized resource of type System.Drawing.Bitmap.
</summary>
</member>
<member name="P:Housekeeper.My.Resources.Resources.TaskCheckPartNumberDoesNotMatchFilename">
<summary>
  Looks up a localized resource of type System.Drawing.Bitmap.
</summary>
</member>
<member name="P:Housekeeper.My.Resources.Resources.TaskCheckRelationships">
<summary>
  Looks up a localized resource of type System.Drawing.Bitmap.
</summary>
</member>
<member name="P:Housekeeper.My.Resources.Resources.TaskEditInteractively">
<summary>
  Looks up a localized resource of type System.Drawing.Bitmap.
</summary>
</member>
<member name="P:Housekeeper.My.Resources.Resources.TaskEditProperties">
<summary>
  Looks up a localized resource of type System.Drawing.Bitmap.
</summary>
</member>
<member name="P:Housekeeper.My.Resources.Resources.TaskEditPropertiesEx">
<summary>
  Looks up a localized resource of type System.Drawing.Bitmap.
</summary>
</member>
<member name="P:Housekeeper.My.Resources.Resources.TaskEditVariables">
<summary>
  Looks up a localized resource of type System.Drawing.Bitmap.
</summary>
</member>
<member name="P:Housekeeper.My.Resources.Resources.TaskFitView">
<summary>
  Looks up a localized resource of type System.Drawing.Bitmap.
</summary>
</member>
<member name="P:Housekeeper.My.Resources.Resources.TaskHideConstructions">
<summary>
  Looks up a localized resource of type System.Drawing.Bitmap.
</summary>
</member>
<member name="P:Housekeeper.My.Resources.Resources.TaskOpenSave">
<summary>
  Looks up a localized resource of type System.Drawing.Bitmap.
</summary>
</member>
<member name="P:Housekeeper.My.Resources.Resources.TaskOptimize">
<summary>
  Looks up a localized resource of type System.Drawing.Bitmap.
</summary>
</member>
<member name="P:Housekeeper.My.Resources.Resources.TaskPrint">
<summary>
  Looks up a localized resource of type System.Drawing.Bitmap.
</summary>
</member>
<member name="P:Housekeeper.My.Resources.Resources.TaskRemoveFaceStyleOverrides">
<summary>
  Looks up a localized resource of type System.Drawing.Bitmap.
</summary>
</member>
<member name="P:Housekeeper.My.Resources.Resources.TaskRunExternalProgram">
<summary>
  Looks up a localized resource of type System.Drawing.Bitmap.
</summary>
</member>
<member name="P:Housekeeper.My.Resources.Resources.TaskSaveAs">
<summary>
  Looks up a localized resource of type System.Drawing.Bitmap.
</summary>
</member>
<member name="P:Housekeeper.My.Resources.Resources.TaskUpdateDesignForCost">
<summary>
  Looks up a localized resource of type System.Drawing.Bitmap.
</summary>
</member>
<member name="P:Housekeeper.My.Resources.Resources.TaskUpdateDrawingStylesFromTemplate">
<summary>
  Looks up a localized resource of type System.Drawing.Bitmap.
</summary>
</member>
<member name="P:Housekeeper.My.Resources.Resources.TaskUpdateDrawingViews">
<summary>
  Looks up a localized resource of type System.Drawing.Bitmap.
</summary>
</member>
<member name="P:Housekeeper.My.Resources.Resources.TaskUpdateMaterialFromMaterialTable">
<summary>
  Looks up a localized resource of type System.Drawing.Bitmap.
</summary>
</member>
<member name="P:Housekeeper.My.Resources.Resources.TaskUpdateModelSizeInVariableTable">
<summary>
  Looks up a localized resource of type System.Drawing.Bitmap.
</summary>
</member>
<member name="P:Housekeeper.My.Resources.Resources.TaskUpdateModelStylesFromTemplate">
<summary>
  Looks up a localized resource of type System.Drawing.Bitmap.
</summary>
</member>
<member name="P:Housekeeper.My.Resources.Resources.TaskUpdatePartCopies">
<summary>
  Looks up a localized resource of type System.Drawing.Bitmap.
</summary>
</member>
<member name="P:Housekeeper.My.Resources.Resources.TaskUpdatePhysicalProperties">
<summary>
  Looks up a localized resource of type System.Drawing.Bitmap.
</summary>
</member>
<member name="P:Housekeeper.My.Resources.Resources.Tools">
<summary>
  Looks up a localized resource of type System.Drawing.Bitmap.
</summary>
</member>
<member name="P:Housekeeper.My.Resources.Resources.txt">
<summary>
  Looks up a localized resource of type System.Drawing.Bitmap.
</summary>
</member>
<member name="P:Housekeeper.My.Resources.Resources.Unchecked">
<summary>
  Looks up a localized resource of type System.Drawing.Bitmap.
</summary>
</member>
<member name="P:Housekeeper.My.Resources.Resources.unchecked_disabled">
<summary>
  Looks up a localized resource of type System.Drawing.Bitmap.
</summary>
</member>
<member name="P:Housekeeper.My.Resources.Resources.up">
<summary>
  Looks up a localized resource of type System.Drawing.Bitmap.
</summary>
</member>
<member name="P:Housekeeper.My.Resources.Resources.Update">
<summary>
  Looks up a localized resource of type System.Drawing.Bitmap.
</summary>
</member>
</members>
</doc>
